name,address,
Binance,0x3f5ce5fbfe3e9af3971dd833d26ba9b5c936f0be,
Binance 10,0x85b931a32a0725be14285b66f1a22178c672d69b,
Binance 11,0x708396f17127c42383e3b9014072679b2f60b82f,
Binance 12,0xe0f0cfde7ee664943906f17f7f14342e76a5cec7,
Binance 13,0x8f22f2063d253846b53609231ed80fa571bc0c8f,
Binance 14,0x28c6c06298d514db089934071355e5743bf21d60,
Binance 15,0x21a31ee1afc51d94c2efccaa2092ad1028285549,
Binance 16,0xdfd5293d8e347dfe59e90efd55b2956a1343963d,
Binance 17,0x56eddb7aa87536c09ccc2793473599fd21a8b17f,
Binance 18,0x9696f59e4d72e237be84ffd425dcad154bf96976,
Binance 19,0x4d9ff50ef4da947364bb9650892b2554e7be5e2b,
Binance 2,0xd551234ae421e3bcba99a0da6d736074f22192ff,
Binance 20,0x4976a4a02f38326660d17bf34b431dc6e2eb2327,
Binance 21,0xd88b55467f58af508dbfdc597e8ebd2ad2de49b3,
Binance 22,0x7dfe9a368b6cf0c0309b763bb8d16da326e8f46e,
Binance 23,0x345d8e3a1f62ee6b1d483890976fd66168e390f2,
Binance 24,0xc3c8e0a39769e2308869f7461364ca48155d1d9e,
Binance 25,0x2e581a5ae722207aa59acd3939771e7c7052dd3d,
Binance 26,0x44592b81c05b4c35efb8424eb9d62538b949ebbf,
Binance 27,0xa344c7ada83113b3b56941f6e85bf2eb425949f3,
Binance 28,0x5a52e96bacdabb82fd05763e25335261b270efcb,
Binance 29,0x06a0048079ec6571cd1b537418869cde6191d42d,
Binance 3,0x564286362092d8e7936f0549571a803b203aaced,
Binance 30,0x892e9e24aea3f27f4c6e9360e312cce93cc98ebe,
Binance 31,0x00799bbc833d5b168f0410312d2a8fd9e0e3079c,
Binance 32,0x141fef8cd8397a390afe94846c8bd6f4ab981c48,
Binance 33,0x50d669f43b484166680ecc3670e4766cdb0945ce,
Binance 34,0x2f7e209e0f5f645c7612d7610193fe268f118b28,
Binance 35,0xd9d93951896b4ef97d251334ef2a0e39f6f6d7d7,
Binance 39,0x19184ab45c40c2920b0e0e31413b9434abd243ed,
Binance 4,0x0681d8db095565fe8a346fa0277bffde9c0edbbf,
Binance 41,0x294b9b133ca7bc8ed2cdd03ba661a4c6d3a834d9,
Binance 42,0x5d7f34372fa8708e09689d400a613eee67f75543,
Binance 5,0xfe9e8709d3215310075d67e3ed32a380ccf451c8,
Binance 6,0x4e9ce36e442e55ecd9025b9a6e0d88485d628a67,
Binance 7,0xbe0eb53f46cd790cd13851d5eff43d12404d33e8,
Binance 8,0xf977814e90da44bfa03b6295a0616a897441acec,
Binance 9,0x001866ae5b3de6caa5a51543fd9fb64f524f5478,
Binance Charity,0x8b99f3660622e21f2910ecca7fbe51d654a1517d,
Binance JEX,0xab83d182f3485cf1d6ccdd34c7cfef95b4c08da4,
Binance Pool,0xc365c3315cf926351ccaf13fa7d19c8c4058c8e1,
Binance US,0x61189da79177950a7272c88c6058b96d4bcd6be2,
Binance USD,0x4fabb145d64652a948d72533023f6e7a623c7c53,
Binance: BGBP Token,0xc9a2c4868f0f96faaa739b59934dc9cb304112ec,
Binance: Binance-Peg Tokens,0x47ac0fb4f2d84898e4d9e7b4dab3c24507a6d503,
Binance: BNB Token,0xb8c77482e45f1f44de1745f52c74426c631bdd52,
Binance: Contract,0x0b95993a39a363d99280ac950f5e4536ab5c5566,
Binance: Deployer 3,0x1074253202528777561f83817d413e91bfa671d4,
Binance: Deposit 1,0x170c7c38419767816cc7ec519da67d1a4dc43826,
Binance: Deposit Funder,0x9430801ebaf509ad49202aabc5f5bc6fd8a3daf8,
Binance: Deposit Funder 2,0x8f80c66c70cbc52009babb04c1cadf9b40109289,
Binance: Deposit Funder 3,0x15ece0d7de25436bcfcf3d62a9085ddc7838aee9,
Binance: Eth2 Depositor,0x2f47a1c2db4a3b78cda44eade915c3b19107ddcc,
Binance: Industry Recovery Initiative,0x043a80999cee3711d372fb878768909fbe7f71e6,
Wintermute: Binance Deposit,0xb3f923eabaf178fc1bd8e13902fc5c61d3ddef5b,
Coinbase 1,0x71660c4005ba85c37ccec55d0c4493e66fe775d3,
Coinbase 10,0xa9d1e08c7793af67e9d92fe308d5697fb81d3e43,
Coinbase 11,0x77696bb39917c91a0c3908d577d5e322095425ca,
Coinbase 12,0x7c195d981abfdc3ddecd2ca0fed0958430488e34,
Coinbase 13,0x95a9bd206ae52c4ba8eecfc93d18eacdd41c88cc,
Coinbase 14,0xb739d0895772dbb71a89a3754a160269068f0d45,
Coinbase 2,0x503828976d22510aad0201ac7ec88293211d23da,
Coinbase 3,0xddfabcdc4d8ffc6d5beaf154f18b778f892a0740,
Coinbase 4,0x3cd751e6b0078be393132286c442345e5dc49699,
Coinbase 5,0xb5d85cbf7cb3ee0d56b3bb207d5fc4b82f43f511,
Coinbase 6,0xeb2629a2734e272bcc07bda959863f316f4bd4cf,
Coinbase 7,0xd688aea8f7d450909ade10c47faa95707b0682d9,
Coinbase 8,0x02466e547bfdab679fc49e96bbfc62b9747d997c,
Coinbase 9,0x6b76f8b1e9e59913bfe758821887311ba1805cab,
Coinbase: Account Blacklister,0xbe3c68821d585cf1552214897a1c091014b1eb0a,
Coinbase: Coinbase Commerce,0xf6874c88757721a02f47592140905c4336dfbc61,
Coinbase: Commerce,0x881d4032abe4188e2237efcd27ab435e81fc6bb1,
Coinbase: Commerce Fee,0x6c8dd0e9cc58c07429e065178d88444b60e60b80,
Coinbase: Commerce Fee 2,0xbc8ec259e3026ae0d87bc442d034d6882ce4a35c,
Coinbase: Commerce Fee 3,0x02d24cab4f2c3bf6e6eb07ea07e45f96baccffe7,
Coinbase: Commerce Fee 4,0xce352e98934499be70f641353f16a47d9e1e3abd,
Coinbase: Commerce Fee 5,0x90e18a6920985dbacc3d76cf27a3f2131923c720,
Coinbase: Commerce Fee 6,0x4b23d52eff7c67f5992c2ab6d3f69b13a6a33561,
Coinbase: Deposit 1,0xd2276af80582cac230edc4c42e9a9c096f3c09aa,
Coinbase: Miscellaneous,0xa090e606e30bd747d4e6245a1517ebe430f0057e,
Bitstamp 1,0x00bdb5699745f5b860228c8f939abf1b9ae374ed,
Bitstamp 2,0x1522900b6dafac587d499a862861c0869be6e428,
Bitstamp 3,0x9a9bed3eb03e386d66f8a29dc67dc29bbb1ccb72,
Bitstamp 4,0x059799f2261d37b829c2850cee67b5b975432271,
Bitstamp 5,0x4c766def136f59f6494f0969b1355882080cf8e0,
Bitstamp 6,0xc5b611f502a0dcf6c3188fd494061ae29b2baa4f,
Bitstamp: Contract 1,0x964771f6df31eea2d927fa71d7bd78e81bcdce05,
Bitstamp: Deployer,0x538d72ded42a76a30f730292da939e0577f22f57,
Bitstamp: Old Address 1,0xfca70e67b3f93f679992cd36323eeb5a5370c8e4,
Bittrex,0xfbb1b73c4f0bda4f67dca266ce6ef42f520fbb98,
Bittrex 2,0xe94b04a0fed112f3664e45adb2b8915693dd5ff3,
Bittrex 3,0x66f820a414680b5bcda5eeca5dea238543f42054,
Bittrex: Controller,0xa3c1e324ca1ce40db73ed6026c4a177f099b5770,
BlockFi 1,0x04046027549f739edfd5b2a78efdbaf0f0bf4514,
BlockFi 2,0xa26a8e242a7470476df1dc11ded5dbc9fca610fa,
BlockFi 3,0x2a549b4af9ec39b03142da6dc32221fc390b5533,
BlockFi 4,0x3fda25f27211a138adf211f4c060f2149674be6d,
BlockFi 5,0x808b4da0be6c9512e948521452227efc619bea52,
BlockFi 6,0x530e0a6993ea99ffc96615af43f327225a5fe536,
Celsius Network: CEL Partners,0x5089afdb4328c2e90d4bbeb2b62421f51a687430,
Celsius Network: CEL Team,0xb2d9fecc991a81eb237028262517f61dd8177b4f,
Celsius Network: CEL Token,0xaaaebe6fe48e54f431b0c390cfaf0b017d09d42d,
Celsius Network: CEL Treasury,0xce606c7028a0702de6ef30c69c9dca4e3d46ffbd,
Celsius Network: CEL Treasury Reserve,0x81b5ce15aa64e1dcefc18f810de7d18115230586,
Celsius Network: Contract,0x32a3256a4b15badd4a6e072a03d23404d925a5cf,
Celsius Network: Deployer,0x2abf9f753d0af02cca358f98d633bad81cc555ed,
Celsius Network: Wallet,0x7de3e919d1d7e5f1b1b27bdb3575b65c5874a5f6,
Celsius Network: Wallet 10,0x917334942eee7c32dcccfbde975f3e0ac30efac4,
Celsius Network: Wallet 11,0x8aceab8167c80cb8b3de7fa6228b889bb1130ee8,
Celsius Network: Wallet 2,0x75db8b92937f8f86213e523788ab9f066efde3fe,
Celsius Network: Wallet 3,0x721e3d8aa92d1f26936f6945f176415f66a88588,
Celsius Network: Wallet 4,0xb26314635252b4ee8b454423e5299a092dea8a4a,
Celsius Network: Wallet 5,0x4f6742badb049791cd9a37ea913f2bac38d01279,
Celsius Network: Wallet 6,0x8b47ed08fd5f134c57b826fbd33e1de121de880d,
Celsius Network: Wallet 7,0x84e1f49a6b65882c7365b6a775999cfcb481f22f,
Celsius Network: Wallet 8,0x3be6d80fdce385358f5762998882efc282df7b9a,
Celsius Network: Wallet 9,0x91e9a131446ab538d30746c79d43908faef3f289,
CelsiusX 1,0x9b436168dd080f1f95d1919258c64590263c0dae,
CelsiusX 2,0x520da65f3b9b93a5bb6a1db911de40ae197aa639,
CelsiusX 3,0x4859df02d1c7cd85c2a283708958aaa7728bad67,
CelsiusX 4,0xfe4546fefe124f30788c4cc1bb9aa6907a7987f9,
CelsiusX: cxADA Token,0x64875aaa68d1d5521666c67d692ee0b926b08b2f,
CelsiusX: cxDOGE Token,0xf9e293d5d793ddc1ae4f778761e0b3e4aa7cf2dd,
Cronos Coin: CRO Token,0xa0b73e1ff0b80914ab6fe0444e65848c4c34450b,
Crypto.com,0x6262998ced04146fa42253a5c0af90ca02dfd2a3,
Crypto.com 2,0x46340b20830761efd32832a74d7169b29feb9758,
Crypto.com 3,0x72a53cdbbcc1b9efa39c834a540550e23463aacb,
Crypto.com 4,0x7758e507850da48cd47df1fb5f875c23e3340c50,
Crypto.com 5,0xcffad3200574698b78f32232aa9d63eabd290703,
Crypto.com: MCO Token,0xb63b606ac810a52cca15e44bb630fd42d8d1d83d,
FTX Exchange,0x2faf487a4414fe77e2327f0bf4ae2a264a776ad2,
FTX Exchange 2,0xc098b2a3aa256d2140208c3de6543aaef5cd3a94,
FTX: 3X Long Bitcoin Token,0x68eb95dc9934e19b86687a10df8e364423240e94,
FTX: 3X Long Ethereum Token,0x871baed4088b863fd6407159f3672d70cd34837d,
FTX: 3X Short Bitcoin Token,0x016ee7373248a80bde1fd6baa001311d233b3cfa,
FTX: 3X Short Ethereum Token,0x2f5e2c9002c058c063d21a06b6cabb50950130c8,
FTX: FTT Token,0x50d1c9771902476076ecfc8b2a83ad6b9355a4c9,
Gate.io,0x0d0707963952f2fba59dd06f2b425ace40b492fe,
Gate.io 2,0x7793cd85c11a924478d358d49b05b37e91b5810f,
Gate.io 3,0x1c4b70a3968436b9a0a9cf5205c787eb81bb558c,
Gate.io 4,0x234ee9e35f8e9749a002fc42970d570db716453b,
Gate.io 5,0xc882b111a75c0c657fc507c04fbfcd2cc984f071,
Gate.io: Contract,0xd793281182a0e3e023116004778f45c29fc14f19,
Gate.io: Deposit Funder,0x6596da8b65995d5feacff8c2936f0b7a2051b0d0,
Gemini,0xd24400ae8bfebb18ca49be86258a3c749cf46853,
Gemini 2,0x6fc82a5fe25a5cdb58bc74600a40a69c065263f8,
Gemini 3,0x61edcdf5bb737adffe5043706e7c5bb1f1a56eea,
Gemini 4,0x5f65f7b609678448494de4c87521cdf6cef1e932,
Gemini 5,0xb302bfe9c246c6e150af70b1caaa5e3df60dac05,
Gemini 6,0x8d6f396d210d385033b348bcae9e4f9ea4e045bd,
Gemini 7,0xd69b0089d9ca950640f5dc9931a41a5965f00303,
Gemini: Contract 1,0x07ee55aa48bb72dcc6e9d78256648910de513eca,
Gemini: Deployer 1,0xdd51f01d9fc0fd084c1a4737bbfa5becb6ced9bc,
Gemini: Deployer 2,0x4c2f150fc90fed3d8281114c2349f1906cde5346,
Gemini: eFIL Token,0x4b7ee45f30767f36f06f79b32bf1fca6f726deda,
Gemini: GUSD Token,0x056fd409e1d7a124bd7017459dfea2f387b6d5cd,
Gemini: Old Contract 1,0xdec042a90de005b22754e94a8a979c4b8c67fde5,
Huobi 1,0xab5c66752a9e8167967685f1450532fb96d5d24f,
Huobi 10,0xe93381fb4c4f14bda253907b18fad305d799241a,
Huobi 11,0xfa4b5be3f2f84f56703c42eb22142744e95a2c58,
Huobi 12,0x46705dfff24256421a05d056c29e81bdc09723b8,
Huobi 13,0x32598293906b5b17c27d657db3ad2c9b3f3e4265,
Huobi 14,0x5861b8446a2f6e19a067874c133f04c578928727,
Huobi 15,0x926fc576b7facf6ae2d08ee2d4734c134a743988,
Huobi 16,0xeec606a66edb6f497662ea31b5eb1610da87ab5f,
Huobi 17,0x7ef35bb398e0416b81b019fea395219b65c52164,
Huobi 18,0x229b5c097f9b35009ca1321ad2034d4b3d5070f6,
Huobi 19,0xd8a83b72377476d0a66683cde20a8aad0b628713,
Huobi 2,0x6748f50f686bfbca6fe8ad62b22228b87f31ff2b,
Huobi 20,0x90e9ddd9d8d5ae4e3763d0cf856c97594dea7325,
Huobi 21,0x30741289523c2e4d2a62c7d6722686d14e723851,
Huobi 22,0x6f48a3e70f0251d1e83a989e62aaa2281a6d5380,
Huobi 23,0xf056f435ba0cc4fcd2f1b17e3766549ffc404b94,
Huobi 24,0x137ad9c4777e1d36e4b605e745e8f37b2b62e9c5,
Huobi 25,0x5401dbf7da53e1c9dbf484e3d69505815f2f5e6e,
Huobi 26,0x034f854b44d28e26386c1bc37ff9b20c6380b00d,
Huobi 27,0x0577a79cfc63bbc0df38833ff4c4a3bf2095b404,
Huobi 28,0x0c6c34cdd915845376fb5407e0895196c9dd4eec,
Huobi 29,0x794d28ac31bcb136294761a556b68d2634094153,
Huobi 3,0xfdb16996831753d5331ff813c29a93c76834a0ad,
Huobi 30,0x34189c75cbb13bdb4f5953cda6c3045cfca84a9e,
Huobi 31,0xb4cd0386d2db86f30c1a11c2b8c4f4185c1dade9,
Huobi 32,0x4d77a1144dc74f26838b69391a6d3b1e403d0990,
Huobi 33,0x28ffe35688ffffd0659aee2e34778b0ae4e193ad,
Huobi 34,0xcac725bef4f114f728cbcfd744a731c2a463c3fc,
Huobi 35,0x73f8fc2e74302eb2efda125a326655acf0dc2d1b,
Huobi 36,0x0a98fb70939162725ae66e626fe4b52cff62c2e5,
Huobi 37,0xf66852bc122fd40bfecc63cd48217e88bda12109,
Huobi 38,0x49517ca7b7a50f592886d4c74175f4c07d460a70,
Huobi 39,0x58c2cb4a6bee98c309215d0d2a38d7f8aa71211c,
Huobi 4,0xeee28d484628d41a82d01e21d12e2e78d69920da,
Huobi 40,0x39d9f4640b98189540a9c0edcfa95c5e657706aa,
Huobi 5,0x5c985e89dde482efe97ea9f1950ad149eb73829b,
Huobi 6,0xdc76cd25977e0a5ae17155770273ad58648900d3,
Huobi 7,0xadb2b42f6bd96f5c65920b9ac88619dce4166f94,
Huobi 8,0xa8660c8ffd6d578f657b72c0c811284aef0b735e,
Huobi 9,0x1062a747393198f70f71ec65a582423dba7e5ab3,
Huobi Mining Pool,0x9d6d492bd500da5b33cf95a5d610a73360fcaaa0,
Huobi Pool Token,0xa66daa57432024023db65477ba87d4e7f5f95213,
Huobi Token,0x6f259637dcd74c767781e37bc6133cd6a68aa161,
Huobi: Deposit,0xe0d513cf39b52a09aefcef25e91dda3a2636329a,
Huobi: Deposit Funder,0xfd54078badd5653571726c3370afb127351a6f26,
Huobi: Deposit Funder 2,0x18916e1a2933cb349145a280473a5de8eb6630cb,
Huobi: Deposit Funder 3,0xdb0e89a9b003a28a4055ef772e345e8089987bfd,
Huobi: Deposit Funder 4,0xf0458aaaf6d49192d3b4711960635d5fa2114e71,
Huobi: Deposit Funder 5,0x07ef60deca209ea0f3f3f08c1ad21a6db5ef9d33,
Huobi: HBTC Token,0x0316eb71485b0ab14103307bf65a021042c6d380,
Huobi: Old Address 1,0x1d1e10e8c66b67692f4c002c0cb334de5d485e41,
Huobi: Old Address 10,0xea0cfef143182d7b9208fbfeda9d172c2aced972,
Huobi: Old Address 11,0x0c92efa186074ba716d0e2156a6ffabd579f8035,
Huobi: Old Address 12,0x91dfa9d9e062a50d2f351bfba0d35a9604993dac,
Huobi: Old Address 13,0x8e8bc99b79488c276d6f3ca11901e9abd77efea4,
Huobi: Old Address 14,0xb9a4873d8d2c22e56b8574e8605644d08e047549,
Huobi: Old Address 15,0x170af0a02339743687afd3dc8d48cffd1f660728,
Huobi: Old Address 16,0xf775a9a0ad44807bc15936df0ee68902af1a0eee,
Huobi: Old Address 17,0x75a83599de596cbc91a1821ffa618c40e22ac8ca,
Huobi: Old Address 18,0x48ab9f29795dfb44b36587c50da4b30c0e84d3ed,
Huobi: Old Address 19,0x90f49e24a9554126f591d28174e157ca267194ba,
Huobi: Old Address 2,0x1b93129f05cc2e840135aab154223c75097b69bf,
Huobi: Old Address 20,0xe3314bbf3334228b257779e28228cfb86fa4261b,
Huobi: Old Address 21,0x6edb9d6547befc3397801c94bb8c97d2e8087e2f,
Huobi: Old Address 22,0x8aabba0077f1565df73e9d15dd3784a2b0033dad,
Huobi: Old Address 23,0xd3a2f775e973c1671f2047e620448b8662dcd3ca,
Huobi: Old Address 24,0x1c515eaa87568c850043a89c2d2c2e8187adb056,
Huobi: Old Address 25,0x60b45f993223dcb8bdf05e3391f7630e5a51d787,
Huobi: Old Address 26,0xa23d7dd4b8a1060344caf18a29b42350852af481,
Huobi: Old Address 27,0x9eebb2815dba2166d8287afa9a2c89336ba9deaa,
Huobi: Old Address 28,0xd10e08325c0e95d59c607a693483680fe5b755b3,
Huobi: Old Address 29,0xc837f51a0efa33f8eca03570e3d01a4b2cf97ffd,
Huobi: Old Address 3,0xeb6d43fe241fb2320b5a3c9be9cdfd4dd8226451,
Huobi: Old Address 30,0xf7a8af16acb302351d7ea26ffc380575b741724c,
Huobi: Old Address 31,0x636b76ae213358b9867591299e5c62b8d014e372,
Huobi: Old Address 32,0x9a755332d874c893111207b0b220ce2615cd036f,
Huobi: Old Address 33,0xecd8b3877d8e7cd0739de18a5b545bc0b3538566,
Huobi: Old Address 34,0xef54f559b5e3b55b783c7bc59850f83514b6149c,
Huobi: Old Address 4,0x956e0dbecc0e873d34a5e39b25f364b2ca036730,
Huobi: Old Address 5,0x6f50c6bff08ec925232937b204b0ae23c488402a,
Huobi: Old Address 6,0xdf95de30cdff4381b69f9e4fa8dddce31a0128df,
Huobi: Old Address 7,0x25c6459e5c5b01694f6453e8961420ccd1edf3b1,
Huobi: Old Address 8,0x04645af26b54bd85dc02ac65054e87362a72cb22,
Huobi: Old Address 9,0xb2a48f542dc56b89b24c04076cbe565b3dc58e7b,
Kraken,0x2910543af39aba0cd09dbb2d50200b3e800a63d2,
Kraken 10,0xae2d4617c862309a3d75a0ffb358c7a5009c673f,
Kraken 11,0x43984d578803891dfa9706bdeee6078d80cfc79e,
Kraken 12,0x66c57bf505a85a74609d2c83e94aabb26d691e1f,
Kraken 13,0xda9dfa130df4de4673b89022ee50ff26f6ea73cf,
Kraken 14,0xa83b11093c858c86321fbc4c20fe82cdbd58e09e,
Kraken 2,0x0a869d79a7052c7f1b55a8ebabbea3420f0d1e13,
Kraken 3,0xe853c56864a2ebe4576a807d26fdc4a0ada51919,
Kraken 4,0x267be1c1d684f78cb4f6a176c4911b741e4ffdc0,
Kraken 5,0xfa52274dd61e1643d2205169732f29114bc240b3,
Kraken 6,0x53d284357ec70ce289d6d64134dfac8e511c8a3d,
Kraken 7,0x89e51fa8ca5d66cd220baed62ed01e8951aa7c40,
Kraken 8,0xc6bed363b30df7f35b601a5547fe56cd31ec63da,
Kraken 9,0x29728d0efd284d85187362faa2d4d76c2cfc2612,
Kraken: Deployer 1,0x2e7542ec36df6429d8c397f88c4cf0c925948f44,
Kraken: Deployer 2,0xa24787320ede4cc19d800bf87b41ab9539c4da9d,
Kraken: Hot Wallet,0xe9f7ecae3a53d2a67105292894676b00d1fab785,
Kraken: MANA Token Wallet,0xe1498a9ef5c6aa51790a642f70c31238326b1724,
KuCoin,0x2b5634c42055806a59e9107ed44d43c426e58258,
KuCoin 10,0xcad621da75a66c7a8f4ff86d30a2bf981bfc8fdd,
KuCoin 11,0xec30d02f10353f8efc9601371f56e808751f396f,
KuCoin 12,0x738cf6903e6c4e699d1c2dd9ab8b67fcdb3121ea,
KuCoin 13,0xd89350284c7732163765b23338f2ff27449e0bf5,
KuCoin 14,0x88bd4d3e2997371bceefe8d9386c6b5b4de60346,
KuCoin 15,0xb8e6d31e7b212b2b7250ee9c26c56cebbfbe6b23,
KuCoin 2,0x689c56aef474df92d44a1b70850f808488f9769c,
KuCoin 3,0xa1d8d972560c2f8144af871db508f0b0b10a3fbf,
KuCoin 4,0x4ad64983349c49defe8d7a4686202d24b25d0ce8,
KuCoin 5,0x1692e170361cefd1eb7240ec13d048fd9af6d667,
KuCoin 6,0xd6216fc19db775df9774a6e33526131da7d19a2c,
Kucoin 7,0xe59cd29be3be4461d79c0881d238cbe87d64595a,
KuCoin 8,0x899b5d52671830f567bf43a14684eb14e1f945fe,
KuCoin 9,0xf16e9b0d03470827a95cdfd0cb8a8a3b46969b91,
KuCoin Contract,0x2602669a92fccf44e5319ff51b0f453aab9db021,
KuCoin: Deployer,0xf2b16510270a214130c6b17ff0e9bf87585126bd,
KuCoin: Deposit Funder,0x061f7937b7b2bc7596539959804f86538b6368dc,
KuCoin: KCS Token,0xf34960d9d60be18cc1d5afc1a6f012a723a28811,
KuCoin: Old KCS Token,0x039b5649a59967e3e936d7471f9c3700100ee1ab,
Nexo 1,0x00ee047a66d5cff27587a61559138c26b62f7ceb,
Nexo 2,0xffec0067f5a79cff07527f63d83dd5462ccf8ba4,
Nexo 3,0x0031e147a79c45f24319dc02ca860cb6142fcba1,
Nexo 4,0x7344e478574acbe6dac9de1077430139e17eec3d,
Nexo Token,0xb62132e35a6c13ee1ee0f84dc5d40bad8d815206,
Nexo: Corporate Treasury,0x9bdb521a97e95177bf252c253e256a60c3e14447,
Nexo: Deposit Funder,0x354e9fa5c6ee7e6092158a8c1b203ccac932d66d,
Nexo: WBTC Merchant Deposit Address,0x65b0bf8ee4947edd2a500d74e50a3d757dc79de0,
OKX,0x6cc5f688a315f3dc28a7781717a9a798a59fda7b,
OKX 10,0xc5451b523d5fffe1351337a221688a62806ad91a,
OKX 11,0x42436286a9c8d63aafc2eebbca193064d68068f2,
OKX 12,0x69a722f0b5da3af02b4a205d6f0c285f4ed8f396,
OKX 13,0xc708a1c712ba26dc618f972ad7a187f76c8596fd,
OKX 14,0x6fb624b48d9299674022a23d92515e76ba880113,
OKX 15,0xf59869753f41db720127ceb8dbb8afaf89030de4,
OKX 16,0x65a0947ba5175359bb457d3b34491edf4cbf7997,
OKX 17,0x4d19c0a5357bc48be0017095d3c871d9afc3f21d,
OKX 18,0x5c52cc7c96bde8594e5b77d5b76d042cb5fae5f2,
OKX 19,0xe9172daf64b05b26eb18f07ac8d6d723acb48f99,
OKX 2,0x236f9f97e0e62388479bf9e5ba4889e46b0273c3,
OKX 20,0x7eb6c83ab7d8d9b8618c0ed973cbef71d1921ef2,
OKX 3,0xa7efae728d2936e78bda97dc267687568dd593f3,
OKX 4,0x2c8fbb630289363ac80705a1a61273f76fd5a161,
OKX 5,0x59fae149a8f8ec74d5bc038f8b76d25b136b9573,
OKX 6,0x98ec059dc3adfbdd63429454aeb0c990fba4a128,
OKX 7,0x5041ed759dd4afc3a72b8192c143f72f4724081a,
OKX 8,0xcba38020cd7b6f51df6afaf507685add148f6ab6,
OKX 9,0x461249076b88189f8ac9418de28b365859e46bfd,
OKX: Deposit Funder,0xc5a93444cc4da6efb9e6fc6e5d3cb55a53b52396,
OKX: Deposit Funder 3,0x89fd00b8d2dcee0f40d8699970115bb861241a54,
OKX: Deposit Funder 4,0xaad8ad7dfa05bc354e011890dd61636842c2cb96,
OKX: Deposit Supplier,0x24c654f6b143dc5cae3c02fbb527ca63aa555dbc,
OKX: OKB Token,0x75231f58b43240c9718dd58b4967c5114342a86c,
Poloniex,0x32be343b94f860124dc4fee278fdcbd38c102d88,
Poloniex 2,0x209c4784ab1e8183cf58ca33cb740efbf3fc18ef,
Poloniex 3,0xb794f5ea0ba39494ce839613fffba74279579268,
Poloniex 4,0xa910f92acdaf488fa6ef02174fb86208ad7722ba,
Poloniex: BAT,0xaa9fa73dfe17ecaa2c89b39f0bb2779613c5fc3b,
Poloniex: BNT,0x2fa2bc2ce6a4f92952921a4caa46b3727d24a1ec,
Poloniex: CVC,0x31a2feb9b5d3b5f4e76c71d6c92fc46ebb3cb1c1,
Poloniex: FOAM,0x6b71834d65c5c4d8ed158d54b47e6ea4ff4e5437,
Poloniex: GNO,0x48d466b7c0d32b61e8a82cd2bcf060f7c3f966df,
Poloniex: GNT,0x0536806df512d6cdde913cf95c9886f65b1d3462,
Poloniex: KNC,0x8d451ae5ee8f557a9ce7a9d7be8a8cb40002d5cb,
Poloniex: LOOM,0xbd2ec7c608a06fe975dbdca729e84dedb34ecc21,
Poloniex: MANA,0xc0e30823e5e628df8bc9bf2636a347e1512f0ecb,
Poloniex: NXC,0x65f9b2e4d7aaeb40ffea8c6f5844d5ad7da257e0,
Poloniex: OMG,0x36b01066b7fa4a0fdb2968ea0256c848e9135674,
Poloniex: REP,0xab11204cfeaccffa63c2d23aef2ea9accdb0a0d5,
Poloniex: SNT,0x6795cf8eb25585eadc356ae32ac6641016c550f2,
Poloniex: STORJ,0xfbf2173154f7625713be22e0504404ebfe021eae,
Poloniex: USDC,0x6f803466bcd17f44fa18975bf7c509ba64bf3825,
Poloniex: ZRX,0xead6be34ce315940264519f250d8160f369fa5cd,
Alameda Research 1,0x073dca8acbc11ffb0b5ae7ef171e4c0b065ffa47,
Alameda Research 10,0x882a812d75aee53efb8a144f984b258b6c4807f0,
Alameda Research 11,0xbefe4f86f189c1c817446b71eb6ac90e3cb68e60,
Alameda Research 12,0xb78e90e2ec737a2c0a24d68a0e54b410fff3bd6b,
Alameda Research 13,0x964d9d1a532b5a5daeacbac71d46320de313ae9c,
Alameda Research 14,0xfa453aec042a837e4aebbadab9d4e25b15fad69d,
Alameda Research 15,0x4deb3edd991cfd2fcdaa6dcfe5f1743f6e7d16a6,
Alameda Research 16,0x477573f212a7bdd5f7c12889bd1ad0aa44fb82aa,
Alameda Research 17,0xce31190a03fc3c5f23167e88e75066824823222d,
Alameda Research 19,0x73c0ae50756c7921d1f32ada71b8e50c5de7ff9c,
Alameda Research 2,0x712d0f306956a6a4b4f9319ad9b9de48c5345996,
Alameda Research 20,0x60ae578abdfded1fb0555f54148fdd7b400a34ed,
Alameda Research 22,0x0c0fe4e0236480e16b679ee1fd0c5247f9cf35f0,
Alameda Research 23,0x0f4ee9631f4be0a63756515141281a3e2b293bbe,
Alameda Research 24,0x97137466bc8018531795217f0ecc4ba24dcba5c1,
Alameda Research 25,0x84d34f4f83a87596cd3fb6887cff8f17bf5a7b83,
Alameda Research 26,0x78835265ac857bf3420830c71987b1a55f73c2dc,
Alameda Research 27,0x4c8cfe078a5b989cea4b330197246ced82764c63,
Alameda Research 3,0x93c08a3168fc469f3fc165cd3a471d19a37ca19e,
Alameda Research 4,0xca436e14855323927d6e6264470ded36455fc8bd,
Alameda Research 5,0x83a127952d266a6ea306c40ac62a4a70668fe3bd,
Alameda Research 6,0xc5ed2333f8a2c351fca35e5ebadb2a82f5d254c3,
Alameda Research 7,0x89183c0a8965c0299997be9af700a801bdccc2da,
Alameda Research 8,0xe5d0ef77aed07c302634dc370537126a2cd26590,
Alameda Research 9,0x5d13f4bf21db713e17e04d711e0bf7eaf18540d6