name,symbol,address
Shiba Inu,SHIB,0x95ad61b0a150d79219dcf64e1e6cc01f0b64c4ce
Dai,DAI,0x6b175474e89094c44da98b954eedeac495271d0f
Wrapped Bitcoin,WBTC,0x2260fac5e5542a773aa44fbcfedf7c193bc2c599
Chainlink,LINK,0x514910771af9ca656af840dff83e8264ecf986ca
UNUS SED LEO,LEO,0x2af5d2ad76741191d15dfe7bf6ac92d4bd912ca3
Uniswap,UNI,0x1f9840a85d5af5bf1d1762f925bdaddc4201f984
OKB,OKB,0x75231f58b43240c9718dd58b4967c5114342a86c
TrueUSD,TUSD,0x0000000000085d4780B73119b644AE5ecd22b376
Tether,USDT,0xdac17f958d2ee523a2206206994597c13d831ec7
ApeCoin,APE,0x4d224452801aced8b2f0aebe155379bb5d594381
Quant,QNT,0x4a220e6096b25eadb88358cb44068a3248254675
The Graph,GRT,0xc944e90c64b2c07662a292be6244bdf05cda44a7
USD Coin,USDC,0xa0b86991c6218b36c1d19d4a2e9eb0ce3606eb48
Arbitrum,ARB,0x912CE59144191C1204E64559FE8253a0e49E6548
Cronos,CRO,0xa0b73e1ff0b80914ab6fe0444e65848c4c34450b
The Sandbox,SAND,0x3845badAde8e6dFF049820680d1F14bD3903a5d0
Decentraland,MANA,0x0f5d2fb29fb7d3cfee444a200298f468908cc942
Aave,AAVE,0x7Fc66500c84A76Ad7e9c93437bFc5Ac33E2DDaE9
Pax Dollar,USDP,0x8e870d67f660d95d5be530380d0ec0bd388289e1
Axie Infinity,AXS,0xbb0e17ef65f82ab018d8edd776e8dd940327b28b
Rocket Pool,RPL,0xd33526068d116ce69f19a9ee46f0bd304f21a51f
BitDAO,BIT,0x1A4b46696b2bB4794Eb3D4c26f1c55F9170fa4C5
Chiliz,CHZ,0x3506424f91fd33084466f402d5d97f05f8e3b4af
KuCoin Token,KCS,0xf34960d9d60be18cc1d5afc1a6f012a723a28811
Curve DAO Token,CRV,0xD533a949740bb3306d119CC777fa900bA034cd52
Immutable,IMX,0xf57e7e7c23978c3caec3c3548e3d615c346e79ff
Optimism,OP,0x4200000000000000000000000000000000000042
USDD,USDD,0x0c10bf8fcb7bf5412187a595ab97a3609160b5c6
Maker,MKR,0x9f8f72aa9304c8b593d555f12ef6589cc3a579a2
PancakeSwap,CAKE,0x0e09fabb73bd3ade0a17ecc321fd13a19e81ce82
GMX,GMX,0xfc5a1a6eb076a2c7ad06ed22c90d7e710e35ad0a
Render Token,RNDR,0x6de037ef9ad2725eb40118bb1702ebb27e4aeb24
Synthetix,SNX,0xc011a73ee8576fb46f5e1c5751ca3b9fe0af2a6f
BitTorrent(New),BTT,TAFjULxiVgT4qWk6UZwjqwZXTSaGaqnVp4
Injective,INJ,0xe28b3b32b6c345a34ff64674606124dd5aceca30
Huobi Token,HT,0x6f259637dcd74c767781e37bc6133cd6a68aa161
Frax Share,FXS,0x3432b6a60d23ca0dfca7761b7ab56459d9c964d0
PAX Gold,PAXG,0x45804880de22913dafe09f4980848ece6ecbaf78
GateToken,GT,0xe66747a101bff2dba3697199dcce5b743b454759
Trust Wallet Token,TWT,0x4b0f1812e5df2a09796481ff14017e6005508003
WOO Network,WOO,0x4691937a7508860f876c9c0a2a617e7d9e945d4b
Gemini Dollar,GUSD,0x056Fd409E1d7A124BD7017459dFEa2F387b6d5Cd
Convex Finance,CVX,0x4e3fbd56cd56c3e72c1403e103b45db9da5b9d2b
1inch Network,1INCH,0x111111111117dc0aa78b770fa6a738034120c302
Enjin Coin,ENJ,0xf629cbd94d3791c9250152bd8dfbdf380e2a3b9c
Kava,KAVA,0x0C356B7fD36a5357E5A017EF11887ba100C9AB76
Basic Attention Token,BAT,0x0d8775f648430679a709e98d2b0cb6250d2887ef
Nexo,NEXO,0xb62132e35a6c13ee1ee0f84dc5d40bad8d815206
Oasis Network,ROSE,0x26B80FBfC01b71495f477d5237071242e0d959d7
Mask Network,MASK,0x69af81e73a73b40adf4f3d4223cd9b1ece623074
dYdX,DYDX,0x92d6c1e31e14520e676a687f0a93788b716beff5
Ethereum Name Service,ENS,0xC18360217D8F7Ab5e7c516566761Ea12Ce7F9D72
Holo,HOT,0x6c6ee5e31d828de241282b9606c8e98ea48526e2
Ankr,ANKR,0x8290333cef9e6d528dd5618fb97a76f268f3edd4
Balancer,BAL,0xba100000625a3754423978a60c9317c58a424e3D
Audius,AUDIO,0x18aaa7115705e8be94bffebde57af9bfc265b998
Compound,COMP,0xc00e94cb662c3520282e6f5717214004a7f26888
Gala,GALA,0x15D4c048F83bd7e37d49eA4C83a07267Ec4203dA
JasmyCoin,JASMY,0x7420B4b9a0110cdC71fB720908340C03F9Bc03EC
FLOKI,FLOKI,0xcf0c122c6b73ff809c693db761e7baebe62b6a2e
Gnosis,GNO,0x6810e776880c02933d47db1b9fc05908e5386b96
Blur,BLUR,0x5283d291dbcf85356a21ba090e6db59121208b44
yearn.finance,YFI,0x0bc529c00c6401aef6d220be8c6ea1667f6ad93e
Threshold,T,0xCdF7028ceAB81fA0C6971208e83fa7872994beE5
ssv.network,SSV,0x9D65fF81a3c488d585bBfb0Bfe3c7707c7917f54
SingularityNET,AGIX,0x5B7533812759B45C2B44C19e320ba2cD2681b542
MAGIC,MAGIC,0x539bdE0d7Dbd336b79148AA742883198BBF60342
STEPN,GMT,0x3019BF2a2eF8040C242C9a4c5c4BD4C81678b2A1
SushiSwap,SUSHI,0x6b3595068778dd592e39a122f4f5a5cf09c90fe2
Bone ShibaSwap,BONE,0x9813037ee2218799597d83D4a5B6F3b6778218d9
Lido DAO,LDO,0x5a98fcbea516cf06857215779fd812ca3bef1b32
MX TOKEN,MX,0x11eef04c884e24d9b7b4760e7476d06ddf797f36
Ocean Protocol,OCEAN,0x967da4048cd07ab37855c090aaf366e4ce1b9f48
Band Protocol,BAND,0xba11d00c5f74255f56a5e366f4f77f5a186d7f55
SPACE ID,ID,0x2dfF88A56767223A5529eA5960Da7A3F5f766406
Golem,GLM,0x7DD9c5Cba05E151C895FDe1CF355C9A1D5DA6429
Loopring,LRC,0xbbbbca6a901c926f240b89eacb641d8aec7aeafd
Biconomy,BICO,0xf17e65822b568b3903685a7c9f496cf7656cc6c2
0x Protocol,ZRX,0xe41d2489571d322189246dafa5ebde1f4699f498
BORA,BORA,0x02cbe46fb8a1f579254a9b485788f2d86cad51aa
Celer Network,CELR,0x4f9254c83eb525f9fcf346490bbb3ed28a81c667
aelf,ELF,0xbf2179859fc6D5BEE9Bf9158632Dc51678a4100e
SKALE,SKL,0x00c83aecc790e8a4453e5dd3b0b4b3680501a7a7
Polymath,POLY,0x9992ec3cf6a55b00978cddf2b27bc6882d88d1ec
Alchemy Pay,ACH,0xed04915c23f00a313a544955524eb7dbd823143d
JOE,JOE,0x6e84a6216eA6dACC71eE8E6b0a5B7322EEbC0fDd
BinaryX,BNX,0x5b1f874d0b0C5ee17a495CbB70AB8bf64107A3BD
DAO Maker,DAO,0x0f51bb10119727a7e5ea3538074fb341f56b09ad
Liquity,LQTY,0x6DEA81C8171D0bA574754EF6F8b412F2Ed88c54D
SafePal,SFP,0xd41fdb03ba84762dd66a0af1a6c8540ff1ba5dfb
Bitgert,BRISE,0x8fff93e810a2edaafc326edee51071da9d398e83
Livepeer,LPT,0x58b6a8a3302369daec383334672404ee733ab239
Cartesi,CTSI,0x491604c0fdf08347dd1fa4ee062a822a5dd06b5d
Dogelon Mars,ELON,0x761d38e5ddf6ccf6cf7c55759d5210750b5d60f3
Tribe,TRIBE,0xc7283b66Eb1EB5FB86327f08e1B5816b0720212B
Keep Network,KEEP,0x85eee30c52b0b379b046fb0f85f4f3dc3009afec
Storj,STORJ,0xb64ef51c888972c908cfacf59b47c1afbc0ab8ac
Amp,AMP,0xff20817765cb7f73d4bde2e66e067e58d11095c2
OriginTrail,TRAC,0xaa7a9ca87d3694b5755f213b5d04094b8d0f0a6f
Multichain,MULTI,0x65ef703f5594d2573eb71aaf55bc0cb548492df4
Illuvium,ILV,0x767fe9edc9e0df98e07454847909b5e959d7ca0e
Aragon,ANT,0xa117000000f279d81a1d3cc75430faa017fa5a2e
UMA,UMA,0x04Fa0d235C4abf4BcF4787aF4CF447DE572eF828
Stargate Finance,STG,0xaf5191b0de278c7286d6c7cc6ab6bb8a73ba2cd6
Cocos-BCX,COCOS,0xc4c7ea4fab34bd9fb9a5e1b1a98df76e26e6407c
PlayDapp,PLA,0x3a4f40631a4f906c2BaD353Ed06De7A5D3fCb430
iExec RLC,RLC,0x607f4c5bb672230e8672085532f7e901544a7375
Lido Staked ETH,stETH,0xae7ab96520de3a18e5e111b5eaab095312d7fe84
HEX,HEX,0x2b591e99afe9f32eaa6214f7b7629768c40eeb39
Frax,FRAX,0x853d955acef822db058eb8505911ed77f175b99e
Wrapped BNB,WBNB,0xbb4CdB9CBd36B01bD1cBaEBF2De08d9173bc095c
Reserve Rights,RSR,0x320623b8e4ff03373931769a31fc52a4e78b5d70
Wrapped Kava,WKAVA,0xc86c7c0efbd6a49b35e8714c5f59d99de09a225b
Tether Gold,XAUT,0x68749665FF8D2d112Fa859AA293F07A622782F38
Bitget Token,BGB,0x19de6b897ed14a376dda0fe53a5420d2ac828a28
TemDAO,TEM,0xaE0585a259A3BCAB258D6EE02FB583f7B33C2a12
Huobi BTC,HBTC,0x0316EB71485b0Ab14103307bf65a021042c6d380
LUKSO,LYXe,0xA8b919680258d369114910511cc87595aec0be6D
GensoKishi Metaverse,MV,0xAE788F80F2756A86aa2F410C651F2aF83639B95b
Liquity USD,LUSD,0x5f98805A4E8be255a32880FDeC7F6728C6568bA0
Astrafer,ASTRAFER,0x97Bbbc5d96875fB78D2F14b7FF8d7a3a74106F17
Gains Network,GNS,0xE5417Af564e4bFDA1c483642db72007871397896
inSure DeFi,SURE,0xcb86c6a22cb56b6cf40cafedb06ba0df188a416e
Locus Chain,LOCUS,0xc64500dd7b0f1794807e67802f8abbf5f8ffb054
Edgecoin,EDGT,GB7XD6DHWS45C3H7PQ25PSRFQB2QFPLMW4JZH4L7CU4O5NFE42MNNUSE
MetisDAO,METIS,0x9E32b13ce7f2E80A01932B42553652E053D6ed8e
SwissBorg,CHSB,0xba9d4199fab4f26efe3551d490e3821486f135ba
STASIS EURO,EURS,0xdb25f211ab05b1c97d595516f45794528a807ad8
VVS Finance,VVS,0x839e71613f9aA06E5701CF6de63E303616B0DDE3
API3,API3,0x0b38210ea11411557c13457D4dA7dC6ea731B88a
Axelar,AXL,0x467719aD09025FcC6cF6F8311755809d45a5E5f3
Telcoin,TEL,0x467bccd9d29f223bce8043b84e8c8b282827790f
Kyber Network Crystal v2,KNC,0xdeFA4e8a7bcBA345F687a2f1456F5Edd9CE97202
Wrapped Everscale,WEVER,0:a49cd4e158a9a15555e624759e2e4e766d22600b7800d891e46f9291f044a93d
Braintrust,BTRST,0x799ebfabe77a6e34311eeee9825190b9ece32824
OMG Network,OMG,0xd26114cd6ee289accf82350c8d8487fedb8a0c07
Baby Doge Coin,BabyDoge,0xAC57De9C1A09FeC648E93EB98875B212DB0d460B
Hashflow,HFT,0xb3999F658C0391d94A37f7FF328F3feC942BcADC
Chromia,CHR,0x8a2279d4a90b6fe1c4b30fa660cc9f926797baa2
Merit Circle,MC,0x949d48eca67b17269629c7194f4b727d4ef9e5d6
LooksRare,LOOKS,0xf4d2888d29d722226fafa5d9b24f9164c092421e
RSK Infrastructure Framework,RIF,0x2acc95758f8b5f583470ba265eb685a8f45fc9d5
Synapse,SYN,0x0f2D719407FdBeFF09D87557AbB7232601FD9F29
DeXe,DEXE,0xde4EE8057785A7e8e800Db58F9784845A5C2Cbd6
Civic,CVC,0x41e5560054824ea6b0732e656e3ad64e20e94e45
Pundi X (New),PUNDIX,0x0fd10b9899882a6f2fcb5c371e17e70fdee00c38
Coin98,C98,0xae12c5930881c53715b369cec7606b70d8eb229f
Galxe,GAL,0x5fAa989Af96Af85384b8a938c2EdE4A7378D9875
ConstitutionDAO,PEOPLE,0x7a58c0be72be218b41c608b7fe7c5bb630736c71
Numeraire,NMR,0x1776e1F26f98b1A5dF9cD347953a26dd3Cb46671
Venus USDC,vUSDC,0xeca88125a5adbe82614ffc12d0db554e2e2867c8
tomiNet,TOMI,0x4385328cc4d643ca98dfea734360c0f596c83449
Radiant Capital,RDNT,0x3082CC23568eA640225c2467653dB90e9250AaA0
Ultra,UOS,0xd13c7342e1ef687c5ad21b27c2b65d772cab5c8c
FLEX,FLEX,0xfcf8eda095e37a41e002e266daad7efc1579bc0a
APENFT,NFT,0x198d14f2ad9ce69e76ea330b374de4957c3f850a
Dent,DENT,0x3597bfd533a99c9aa083587b074434e61eb0a258
Status,SNT,0x744d70fdbe2ba4cf95131626614a1763df805b9e
STP,STPT,0xde7d85157d9714eadf595045cc12ca4a5f3e2adb
Smooth Love Potion,SLP,0xCC8Fa225D80b9c7D42F96e9570156c65D6cAAa25
AVINOC,AVINOC,0xf1ca9cb74685755965c7458528a36934df52a3ef
Gitcoin,GTC,0xde30da39c46104798bb5aa3fe8b9e0e1f348163f
Voyager Token,VGX,0x3C4B6E6e1eA3D4863700D7F76b36B7f3D3f13E3d
Vulcan Forged PYR,PYR,0x430ef9263e76dae63c84292c3409d61c598e9682
Metars Genesis,MRS,0x238d02ee3f80fbf5e381f049616025c186889b68
Ontology Gas,ONG,0x308bfaeAaC8BDab6e9Fc5Ead8EdCb5f95b0599d9
Ren,REN,0x408e41876cccdc0f92210600ef50372656052a38
MOBOX,MBOX,0x3203c9e46ca618c8c1ce5dc67e7e9d75f5da2377
Prom,PROM,0xfc82bb4ba86045af6f327323a46e80412b91b27d
dKargo,DKA,0x5dc60C4D5e75D22588FA17fFEB90A63E535efCE0
Venus,XVS,0xcf6bb5389c92bdda8a3747ddb454cb7a64626c63
Humanscape,HUM,0x07327a00ba28D413f745C931bbe6bE053B0AD2a6
Orbs,ORBS,0xff56cc6b1e6ded347aa0b7676c85ab0b3d08b0fa
Covalent,CQT,0xD417144312DbF50465b1C641d016962017Ef6240
Ribbon Finance,RBN,0x6123b0049f904d730db3c36a31167d9d4121fa6b
MVL,MVL,0xa849eaae994fb86afa73382e9bd88c2b6b18dc71
Wilder World,WILD,0x2a3bff78b79a009976eea096a51a948a3dc00e34
Artificial Liquid Intelligence,ALI,0x6b0b3a982b4634ac68dd83a4dbf02311ce324181
Request,REQ,0x8f8221afbb33998d8584a2b05749ba73c37a938a
VeThor Token,VTHO,0x0000000000000000000000000000456E65726779
MARBLEX,MBX,0xd068c52d81f4409b9502da926ace3301cc41f623
Powerledger,POWR,0x595832f8fc6bf59c85c527fec3740a1b7a361269
Marlin,POND,0x57b946008913b82e4df85f501cbaed910e58d26c
Augur,REP,0x1985365e9f78359a9B6AD760e32412f4a445E862
Pendle,PENDLE,0x808507121b80c02388fad14726482e061b8da827
WINkLink,WIN,TLa2f6VPqDgRE67v1736s7bJ8Ray5wYjU7
Bancor,BNT,0x1f573d6fb3f13d689ff844b4ce37794d79a7ff1c
Metal DAO,MTL,0xF433089366899D83a9f26A773D59ec7eCF30355e
IQ,IQ,0x579cea1889991f68acc35ff5c3dd0621ff29b0c9
Orchid,OXT,0x4575f41308EC1483f3d399aa9a2826d74Da13Deb
Mdex,MDX,0x25d2e80cb6b86881fd7e07dd263fb79f4abe033c
Function X,FX,0x8c15ef5b4b21951d50e53e4fbda8298ffad25057
Highstreet,HIGH,0x71Ab77b7dbB4fa7e017BC15090b2163221420282
Morpheus.Network,MNW,0xd3E4Ba569045546D09CF021ECC5dFe42b1d7f6E4
Spell Token,SPELL,0x090185f2135308bad17527004364ebcc2d37e5f6
MyNeighborAlice,ALICE,0xAC51066d7bEC65Dc4589368da368b212745d63E8
NYM,NYM,0x525A8F6F3Ba4752868cde25164382BfbaE3990e1
NuCypher,NU,0x4fe83213d56308330ec302a8bd641f1d0113a4cc
DODO,DODO,0x43dfc4159d86f3a37a5a4b3d4580b888ad7d4ddd
Vibing,VBG,0x756176aff6b885eD0C21B1718c739bF8A371eF82
Loom Network,LOOM,0x42476F744292107e34519F9c357927074Ea3F75D
Onyxcoin,XCN,0xA2cd3D43c775978A96BdBf12d733D5A1ED94fb18
Alien Worlds,TLM,0x888888848B652B3E3a0f34c96E00EEC0F3a23F72
Wrapped NXM,WNXM,0x0d438f3b5175bebc262bf23753c1e53d03432bde
QuarkChain,QKC,0xea26c4ac16d4a5a106820bc8aee85fd0b7b2b664
XYO,XYO,0x55296f69f40ea6d20e478533c15a6b08b654e758
Dusk Network,DUSK,0x940a2db1b7008b6c776d4faaca729d6d4a4aa551
Alpha Venture DAO,ALPHA,0xa1faa113cbe53436df28ff0aee54275c13b40975
FUNToken,FUN,0x419d0d8bdd9af5e606ae2232ed285aff190e711b
XSGD,XSGD,0x70e8de73ce538da2beed35d14187f6959a8eca96
e-Radix,EXRD,0x6468e79A80C0eaB0F9A2B574c8d5bC374Af59414
SuperVerse,SUPER,0xe53ec727dbdeb9e2d5456c3be40cff031ab40a55
World Mobile Token,WMT,1d7f33bd23d85e1a25d87d86fac4f199c3197a2f7afeb662a0f34e1e776f726c646d6f62696c65746f6b656e
Biswap,BSW,0x965f527d9159dce6288a2219db51fc6eef120dd1
cVault.finance,CORE,0x62359ed7505efc61ff1d56fef82158ccaffa23d7
RACA,RACA,0x12BB890508c125661E03b09EC06E404bc9289040
Verasity,VRA,0xf411903cbc70a74d22900a5de66a2dda66507255
Seedify.fund,SFUND,0x477bc8d23c634c154061869478bce96be6045d12
Aura Finance,AURA,0xc0c293ce456ff0ed870add98a0828dd4d2903dbf
TrueFi,TRU,0x4c19596f5aaff459fa38b0f7ed92f11ae6543784
Celsius,CEL,0xaaaebe6fe48e54f431b0c390cfaf0b017d09d42d
Bifrost,BFC,0x0c7D5ae016f806603CB1782bEa29AC69471CAb9c
Venus BUSD,vBUSD,0x95c78222B3D6e262426483D42CfA53685A67Ab9D
Saitama,SAITAMA,0xce3f08e664693ca792cace4af1364d5e220827b2
Ankr Staked ETH,ankrETH,0xe95a203b1a91a908f9b9ce46459d101078c2c3cb
Linear Finance,LINA,0x3e9bc21c9b189c09df3ef1b824798658d5011937
Orbit Chain,ORC,0x662b67d00a13faf93254714dd601f5ed49ef2f51
Volt Inu V2,VOLT,0x7db5af2b9624e1b3b4bb69d6debd9ad1016a58ac
Vai,VAI,0x4bd17003473389a42daf6a0a729f6fdb328bbbd7
Clash of Lilliput,COL,0x9ce116224459296abc7858627abd5879514bc629
XCAD Network,XCAD,zil1z5l74hwy3pc3pr3gdh3nqju4jlyp0dzkhq2f5y
CEEK VR,CEEK,0xb056c38f6b7dc4064367403e26424cd2c60655e1
RSS3,RSS3,0xc98d64da73a6616c42117b582e832812e7b8d57f
Grove Coin,GRV,0xf33893de6eb6ae9a67442e066ae9abd228f5290c
Dawn Protocol,DAWN,0x580c8520deda0a441522aeae0f9f7a5f29629afa
Origin Protocol,OGN,0x8207c1ffc5b6804f6024322ccf34f29c3541ae26
MUX Protocol,MCB,0x4e352cf164e64adcbad318c3a1e222e9eba4ce42
Toko Token,TKO,0x9f589e3eabe42ebc94a44727b3f3531c0c877809
Automata Network,ATA,0xa2120b9e674d3fc3875f415a7df52e382f141225
Beta Finance,BETA,0xbe1a001fe942f96eea22ba08783140b9dcc09d28
StormX,STMX,0xa62cc35625b0c8dc1faea39d33625bb4c15bd71c
Rally,RLY,0xf1f955016EcbCd7321c7266BccFB96c68ea5E49b
SOMESING,SSX,0xdcd62c57182e780e23d2313c4782709da85b9d6c
Yield Guild Games,YGG,0x25f8087ead173b73d6e8b84329989a8eea16cf73
Hifi Finance (Old),MFT,0xdf2c7238198ad8b389666574f2d8bc411a4b7428
Veritaseum,VERI,0x8f3470A7388c05eE4e7AF3d01D8C722b0FF52374
AllianceBlock Nexera,NXRA,0x644192291cc835a93d6330b24ea5f5fedd0eef9e
Badger DAO,BADGER,0x3472a5a71965499acd81997a54bba8d852c6e53d
Sologenic,SOLO,0xc2c28b58db223da89b567a0a98197fc17c115148
RichQUACK.com,QUACK,0xD74b782E05AA25c50e7330Af541d46E18f36661C
Ampleforth Governance Token,FORTH,0x77fba179c79de5b7653f68b5039af940ada60ce0
OG Fan Token,OG,0x7bcb8bB59298ba3Aed51a6a0348187Ba4ffD1c69
Chainbing,CBG,0x1900E8B5619a3596745F715d0427Fe617c729BA9
Vega Protocol,VEGA,0xcb84d72e61e383767c4dfeb2d8ff7f4fb89abc6e
Cobak Token,CBK,0xD85a6Ae55a7f33B0ee113C234d2EE308EdeAF7fD
Strike,STRK,0x74232704659ef37c08995e386a2e26cc27a8d7b1
MovieBloc,MBL,e5a49d7fd57e7178e189d3965d1ee64368a1036d
Ampleforth,AMPL,0xd46ba6d942050d489dbd938a2c909a5d5039a161
Aavegotchi,GHST,0x3F382DbD960E3a9bbCeaE22651E88158d2791550
Dejitaru Tsuka,TSUKA,0xc5fb36dd2fb59d3b98deff88425a3f425ee469ed
Mines of Dalarnia,DAR,0x081131434f93063751813c619ecca9c4dc7862a3
Raydium,RAY,0x5245c0249e5eeb2a0838266800471fd32adb1089
Euro Coin,EUROC,0x1abaea1f7c830bd89acc67ec4af516284b1bc33c
Bella Protocol,BEL,0xa91ac63d040deb1b7a5e4d4134ad23eb0ba07e14
Rakon,RKN,0x6e5a43db10b04701385a34afb670e404bc7ea597
LCX,LCX,0x037a54aab062628c9bbae1fdb1583c195585fe41
Perpetual Protocol,PERP,0xbc396689893d065f41bc2c6ecbee5e0085233447
MXC,MXC,0x5ca381bbfb58f0092df149bd3d243b08b9a8386e
NEST Protocol,NEST,0x04abeda201850ac0124161f037efd70c74ddc74c
Chainge,CHNG,0x05573124c64c69d85687152b2942bcb0a3b26d99
Flamingo,FLM,4d9eab13620fe3569ba3b0e56e2877739e4145e3
NvirWorld,NVIR,0x9d71CE49ab8A0E6D2a1e7BFB89374C9392FD6804
sUSD,SUSD,0x57Ab1ec28D129707052df4dF418D58a2D46d5f51
FirmaChain,FCT,FCT2,0xe1bad922f84b198a08292fb600319300ae32471b
SuperRare,RARE,0xba5BDe662c17e2aDFF1075610382B9B691296350
Hifi Finance,HIFI,0x4b9278b94a1112cAD404048903b8d343a810B07e
Gods Unchained,GODS,0xccc8cb5229b0ac8069c51fd58367fd1e622afd97
ZEON,ZEON,0xe5b826ca2ca02f09c1725e9bd98d9a8874c30532
HUNT,HUNT,0x9aab071b4129b083b01cb5a0cb513ce7eca26fa5
Enzyme,MLN,0xec67005c4e498ec7f55e092bd1d35cbc47c91892
DeFi Pulse Index,DPI,0x1494ca1f11d487c2bbe4543e90080aeba4ba3c2b
Efinity Token,EFI,0x656C00e1BcD96f256F224AD9112FF426Ef053733
Polkastarter,POLS,0x83e6f1e41cdd28eaceb20cb649155049fac3d5aa
Zebec Protocol,ZBC,0x37a56cdcD83Dce2868f721De58cB3830C44C6303
KLAYswap Protocol,KSP,0xc6a2ad8cc6e4a7e08fc37cc5954be07d499e7654
DFI.Money,YFII,0xa1d0E215a23d7030842FC67cE582a6aFa3CCaB83
Ethernity,ERN,0xbbc2ae13b23d715c30720f079fcd9b4a74093505
Utrust,UTK,0xdc9Ac3C20D1ed0B540dF9b1feDC10039Df13F99c
DeGate,DG,0x53c8395465a84955c95159814461466053dedede
Bloktopia,BLOK,0xA0d96fD642156FC7E964949642257b3572f10cD6
Gifto,GFT,0x72fF5742319eF07061836F5C924aC6D72c919080
ARPA,ARPA,0xba50933c268f567bdc86e1ac131be072c6b0b71a
Celo Dollar,CUSD,0x765de816845861e75a25fca122bb6898b8b1282a
Virtua,TVK,0xd084b83c305dafd76ae3e1b4e1f1fe2ecccb3988
Sweat Economy,SWEAT,0xb4b9dc1c77bdbb135ea907fd5a08094d98883a35
Alpaca Finance,ALPACA,0x8f0528ce5ef7b51152a59745befdd91d97091d2f
BarnBridge,BOND,0x0391D2021f89DC339F60Fff84546EA23E337750f
TABOO TOKEN,TABOO,0x9abdba20edfba06b782126b4d8d72a5853918fd0
smARTOFGIVING,AOG,0x8578530205cecbe5db83f7f29ecfeec860c297c2
Origin Dollar,OUSD,0x2A8e1E676Ec238d8A992307B495b45B3fEAa5e86
Shiba Predator,QOM,0xa71d0588EAf47f12B13cF8eC750430d21DF04974
Persistence,XPRT,IBC/A0CC0CF735BFB30E730C70019D4218A1244FF383503FF7579C9201AB93CA9293
Revain,REV,0x2ef52Ed7De8c5ce03a4eF0efbe9B7450F2D7Edc9
QuickSwap,QUICK,0x6c28aef8977c9b773996d0e8376d2ee379446f2f
FC Barcelona Fan Token,BAR,0xecc000ebd318bee2a052eb174a71faf2c3c9e898
Litentry,LIT,0xb59490ab09a0f526cc7305822ac65f2ab12f9723
Opulous,OPUL,0x80d55c03180349fff4a229102f62328220a96444
Carry,CRE,0x115eC79F1de567eC68B7AE7eDA501b406626478e
Moss Coin,MOC,0x865ec58b06bf6305b886793aa20a2da31d034e68
DXdao,DXD,0xa1d65e8fb6e87b60feccbc582f7f97804b725521
GameFi.org,GAFI,0x89Af13A10b32F1b2f8d1588f93027F69B6F4E27e
SelfKey,KEY,0x4cc19356f2d37338b9802aa8e8fc58b0373296e7
Metacraft,MCT,0xdf677713a2c661ecd0b2bd4d7485170aa8c1eceb
Uquid Coin,UQC,0x8806926ab68eb5a7b909dcaf6fdbe5d93271d6e2
Beefy Finance,BIFI,0xCa3F508B8e4Dd382eE878A314789373D80A5190A
IDEX,IDEX,0xb705268213d593b8fd88d3fdeff93aff5cbdcfae
ASD,ASD,0xff742d05420b6aca4481f635ad8341f81a6300c2
League of Kingdoms Arena,LOKA,0x61e90a50137e1f645c9ef4a0d3a4f01477738406
BakeryToken,BAKE,0xE02dF9e3e622DeBdD69fb838bB799E3F168902c5
BENQI,QI,0x8729438EB15e2C8B576fCc6AeCdA6A148776C0F5
CLV,CLV,0x80C62FE4487E1351b47Ba49809EBD60ED085bf52
Bounce Token,AUCTION,0xa9b1eb5908cfc3cdf91f9b8b3a74108598009096
Alpine F1 Team Fan Token,ALPINE,0x287880Ea252b52b63Cc5f40a2d3E5A44aa665a76
TokenPocket,TPT,0xeca41281c24451168a37211f0bc2b8645af45092
Quickswap [New],QUICK,0xb5c064f955d8e7f38fe0460c556a72987494ee17
Propy,PRO,0x226bb599a12c826476e3a771454697ea52e9e220
Tamadoge,TAMA,0x12b6893cE26Ea6341919FE289212ef77e51688c8
Qredo,QRDO,0x4123a133ae3c521fd134d7b13a2dec35b56c2463
Optimus AI,OPTI,0x562e362876c8aee4744fc2c6aac8394c312d215d
UFO Gaming,UFO,0x249e38ea4102d0cf8264d3701f1a0e39c4f2dc3b
DIA,DIA,0x84ca8bc7997272c7cfb4d0cd3d55cd942b3c9419
Gelato,GEL,0x15b7c0c907e4C6b9AdaAaabC300C08991D6CEA05
Wirex Token,WXT,GASBLVHS5FOABSDNW5SPPH3QRJYXY5JHA2AOA2QHH2FJLZBRXSG4SWXT
Fei USD,FEI,0x956F47F50A910163D8BF957Cf5846D573E7f87CA
Measurable Data Token,MDT,0x814e0908b12a99fecf5bc101bb5d0b8b5cdf7d26
